Heading,Author,Publication Date,SourceContent,Category
Heading,Author,Publication Date,SourceContent,Category,URL
Heading not found,Author not found,Date not found,Kathmandu-Post,Content not found,https://kathmandupost.com/national,national
Heading,Author,Publication Date,SourceContent,Category,URL
Heading not found,Author not found,Date not found,Kathmandu-Post,Content not found,https://kathmandupost.com/politics,politics
Heading,Author,Publication Date,SourceContent,Category,URL
Heading not found,Author not found,Date not found,Kathmandu-Post,Content not found,https://kathmandupost.com/valley,valley
Heading,Author,Publication Date,SourceContent,Category,URL
Heading not found,Author not found,Date not found,Kathmandu-Post,Content not found,https://kathmandupost.com/opinion,opinion
Heading,Author,Publication Date,SourceContent,Category,URL
Heading not found,Author not found,Date not found,Kathmandu-Post,Content not found,https://kathmandupost.com/money,money
Heading,Author,Publication Date,SourceContent,Category,URL
Heading not found,Author not found,Date not found,Kathmandu-Post,Content not found,https://kathmandupost.com/sports,sports
Heading,Author,Publication Date,SourceContent,Category,URL
Heading not found,Author not found,Date not found,Kathmandu-Post,Content not found,https://kathmandupost.com/art-culture,art-culture
Heading,Author,Publication Date,SourceContent,Category,URL
Heading not found,Author not found,Date not found,Kathmandu-Post,Content not found,https://kathmandupost.com/weekender,weekender
Heading,Author,Publication Date,SourceContent,Category,URL
Heading not found,Author not found,Date not found,Kathmandu-Post,Content not found,https://kathmandupost.com/,Category not found
Heading,Author,Publication Date,SourceContent,Category,URL
Heading not found,Author not found,Date not found,Kathmandu-Post,Content not found,https://kathmandupost.com/national,national
Heading,Author,Publication Date,SourceContent,Category,URL
Heading not found,Author not found,Date not found,Kathmandu-Post,Content not found,https://kathmandupost.com/national/province-no-2,national
Heading,Author,Publication Date,SourceContent,Category,URL
Heading not found,Author not found,Date not found,Kathmandu-Post,Content not found,https://kathmandupost.com/national/province-no-5,national
Heading,Author,Publication Date,SourceContent,Category,URL
Heading not found,Author not found,Date not found,Kathmandu-Post,Content not found,https://kathmandupost.com/national/province-no-3,national
Heading,Author,Publication Date,SourceContent,Category,URL
Heading not found,Author not found,Date not found,Kathmandu-Post,Content not found,https://kathmandupost.com/national/national-security,national
Heading,Author,Publication Date,SourceContent,Category,URL
Heading not found,Author not found,Date not found,Kathmandu-Post,Content not found,https://kathmandupost.com/national/province-no-1,national
Heading,Author,Publication Date,SourceContent,Category,URL
Heading not found,Author not found,Date not found,Kathmandu-Post,Content not found,https://kathmandupost.com/national/gandaki-province,national
Heading,Author,Publication Date,SourceContent,Category,URL
Heading not found,Author not found,Date not found,Kathmandu-Post,Content not found,https://kathmandupost.com/national/karnali-province,national
Heading,Author,Publication Date,SourceContent,Category,URL
Heading not found,Author not found,Date not found,Kathmandu-Post,Content not found,https://kathmandupost.com/national/sudurpaschim-province,national
Heading,Author,Publication Date,SourceContent,Category,URL
Heading not found,Author not found,Date not found,Kathmandu-Post,Content not found,https://kathmandupost.com/politics,politics
Heading,Author,Publication Date,SourceContent,Category,URL
Heading not found,Author not found,Date not found,Kathmandu-Post,Content not found,https://kathmandupost.com/valley,valley
Heading,Author,Publication Date,SourceContent,Category,URL
Heading not found,Author not found,Date not found,Kathmandu-Post,Content not found,https://kathmandupost.com/valley/kathmandu,valley
Heading,Author,Publication Date,SourceContent,Category,URL
Heading not found,Author not found,Date not found,Kathmandu-Post,Content not found,https://kathmandupost.com/valley/lalitpur,valley
Heading,Author,Publication Date,SourceContent,Category,URL
Heading not found,Author not found,Date not found,Kathmandu-Post,Content not found,https://kathmandupost.com/valley/bhaktapur,valley
Heading,Author,Publication Date,SourceContent,Category,URL
Heading not found,Author not found,Date not found,Kathmandu-Post,Content not found,https://kathmandupost.com/opinion,opinion
Heading,Author,Publication Date,SourceContent,Category,URL
Heading not found,Author not found,Date not found,Kathmandu-Post,Content not found,https://kathmandupost.com/opinion/columns,opinion
Heading,Author,Publication Date,SourceContent,Category,URL
Heading not found,Author not found,Date not found,Kathmandu-Post,Content not found,https://kathmandupost.com/opinion/as-it-is,opinion
Heading,Author,Publication Date,SourceContent,Category,URL
Heading not found,Author not found,Date not found,Kathmandu-Post,Content not found,https://kathmandupost.com/opinion/letters,opinion
Heading,Author,Publication Date,SourceContent,Category,URL
Heading not found,Author not found,Date not found,Kathmandu-Post,Content not found,https://kathmandupost.com/opinion/editorial,opinion
Heading,Author,Publication Date,SourceContent,Category,URL
Heading not found,Author not found,Date not found,Kathmandu-Post,Content not found,https://kathmandupost.com/opinion/cartoon,opinion
Heading,Author,Publication Date,SourceContent,Category,URL
Heading not found,Author not found,Date not found,Kathmandu-Post,Content not found,https://kathmandupost.com/money,money
Heading,Author,Publication Date,SourceContent,Category,URL
Heading not found,Author not found,Date not found,Kathmandu-Post,Content not found,https://kathmandupost.com/sports,sports
Heading,Author,Publication Date,SourceContent,Category,URL
Heading not found,Author not found,Date not found,Kathmandu-Post,Content not found,https://kathmandupost.com/sports/cricket,sports
Heading,Author,Publication Date,SourceContent,Category,URL
Heading not found,Author not found,Date not found,Kathmandu-Post,Content not found,https://kathmandupost.com/sports/football,sports
Heading,Author,Publication Date,SourceContent,Category,URL
Heading not found,Author not found,Date not found,Kathmandu-Post,Content not found,https://kathmandupost.com/sports/international-sports,sports
Heading,Author,Publication Date,SourceContent,Category,URL
Heading not found,Author not found,Date not found,Kathmandu-Post,Content not found,https://kathmandupost.com/art-culture,art-culture
Heading,Author,Publication Date,SourceContent,Category,URL
Heading not found,Author not found,Date not found,Kathmandu-Post,Content not found,https://kathmandupost.com/art-culture/arts,art-culture
Heading,Author,Publication Date,SourceContent,Category,URL
Heading not found,Author not found,Date not found,Kathmandu-Post,Content not found,https://kathmandupost.com/art-culture/brunch-with-the-post,art-culture
Heading,Author,Publication Date,SourceContent,Category,URL
Heading not found,Author not found,Date not found,Kathmandu-Post,Content not found,https://kathmandupost.com/art-culture/movie-review,art-culture
Heading,Author,Publication Date,SourceContent,Category,URL
Heading not found,Author not found,Date not found,Kathmandu-Post,Content not found,https://kathmandupost.com/art-culture/life--style,art-culture
Heading,Author,Publication Date,SourceContent,Category,URL
Heading not found,Author not found,Date not found,Kathmandu-Post,Content not found,https://kathmandupost.com/art-culture/theater,art-culture
Heading,Author,Publication Date,SourceContent,Category,URL
Heading not found,Author not found,Date not found,Kathmandu-Post,Content not found,https://kathmandupost.com/art-culture/art-entertainment,art-culture
Heading,Author,Publication Date,SourceContent,Category,URL
Heading not found,Author not found,Date not found,Kathmandu-Post,Content not found,https://kathmandupost.com/art-culture/books,art-culture
Heading,Author,Publication Date,SourceContent,Category,URL
Heading not found,Author not found,Date not found,Kathmandu-Post,Content not found,https://kathmandupost.com/art-culture/fashion,art-culture
Heading,Author,Publication Date,SourceContent,Category,URL
Heading not found,Author not found,Date not found,Kathmandu-Post,Content not found,https://kathmandupost.com/health,health
Heading,Author,Publication Date,SourceContent,Category,URL
Heading not found,Author not found,Date not found,Kathmandu-Post,Content not found,https://kathmandupost.com/food,food
Heading,Author,Publication Date,SourceContent,Category,URL
Heading not found,Author not found,Date not found,Kathmandu-Post,Content not found,https://kathmandupost.com/food/recipes,food
Heading,Author,Publication Date,SourceContent,Category,URL
Heading not found,Author not found,Date not found,Kathmandu-Post,Content not found,https://kathmandupost.com/travel,travel
Heading,Author,Publication Date,SourceContent,Category,URL
Heading not found,Author not found,Date not found,Kathmandu-Post,Content not found,https://kathmandupost.com/investigations,investigations
Heading,Author,Publication Date,SourceContent,Category,URL
Heading not found,Author not found,Date not found,Kathmandu-Post,Content not found,https://kathmandupost.com/climate-environment,climate-environment
Heading,Author,Publication Date,SourceContent,Category,URL
Heading not found,Author not found,Date not found,Kathmandu-Post,Content not found,https://kathmandupost.com/world,world
Heading,Author,Publication Date,SourceContent,Category,URL
Heading not found,Author not found,Date not found,Kathmandu-Post,Content not found,https://kathmandupost.com/science-technology,science-technology
Heading,Author,Publication Date,SourceContent,Category,URL
Heading not found,Author not found,Date not found,Kathmandu-Post,Content not found,https://kathmandupost.com/interviews,interviews
Heading,Author,Publication Date,SourceContent,Category,URL
Heading not found,Author not found,Date not found,Kathmandu-Post,Content not found,https://kathmandupost.com/visual-stories,visual-stories
Heading,Author,Publication Date,SourceContent,Category,URL
Heading not found,Author not found,Date not found,Kathmandu-Post,Content not found,https://kathmandupost.com/puzzles,puzzles
Heading,Author,Publication Date,SourceContent,Category,URL
Heading not found,Author not found,Date not found,Kathmandu-Post,Content not found,https://kathmandupost.com/horoscope,horoscope
Heading,Author,Publication Date,SourceContent,Category,URL
Heading not found,Author not found,Date not found,Kathmandu-Post,Content not found,https://kathmandupost.com/forex,forex
Heading,Author,Publication Date,SourceContent,Category,URL
Heading not found,Author not found,Date not found,Kathmandu-Post,Content not found,https://kathmandupost.com/corrections,corrections
Heading,Author,Publication Date,SourceContent,Category,URL
Heading not found,Author not found,Date not found,Kathmandu-Post,Content not found,https://kathmandupost.com/pages/letters-to-the-editor,pages
Heading,Author,Publication Date,SourceContent,Category,URL
Heading not found,Author not found,Date not found,Kathmandu-Post,Content not found,https://epaper.ekantipur.com/kathmandupost,kathmandupost
Heading,Author,Publication Date,SourceContent,Category,URL
Heading not found,Author not found,Date not found,Kathmandu-Post,Content not found,https://kathmandupost.com/,Category not found
Heading,Author,Publication Date,SourceContent,Category,URL
Heading not found,Author not found,Date not found,Kathmandu-Post,Content not found,https://kathmandupost.com/,Category not found
Heading,Author,Publication Date,SourceContent,Category,URL
Heading not found,Author not found,Date not found,Kathmandu-Post,Content not found,https://kathmandupost.com/,Category not found
Heading,Author,Publication Date,SourceContent,Category,URL
Heading not found,Author not found,Date not found,Kathmandu-Post,Content not found,https://kathmandupost.com/,Category not found
Heading,Author,Publication Date,SourceContent,Category,URL
Heading not found,Author not found,Date not found,Kathmandu-Post,Content not found,https://kathmandupost.com/weather,weather
Heading,Author,Publication Date,SourceContent,Category,URL
Heading not found,Author not found,Date not found,Kathmandu-Post,Content not found,https://kathmandupost.com/airquality,airquality
Heading,Author,Publication Date,SourceContent,Category,URL
Heading not found,Author not found,Date not found,Kathmandu-Post,Content not found,https://kathmandupost.com/weather,weather
Heading,Author,Publication Date,SourceContent,Category,URL
Heading not found,Author not found,Date not found,Kathmandu-Post,Content not found,https://kathmandupost.com/airquality,airquality
Heading,Author,Publication Date,SourceContent,Category,URL
Heading not found,Sangam Prasain,"Published at : June 13, 2024",Kathmandu-Post,Content not found,https://kathmandupost.com/money/2024/06/13/14-climbed-cho-oyu-in-70-years-7-did-it-last-week-to-find-route,money
Heading,Author,Publication Date,SourceContent,Category,URL
Heading not found,Binod Ghimire,"Published at : June 13, 2024",Kathmandu-Post,Content not found,https://kathmandupost.com/politics/2024/06/13/ruling-opposition-parties-unite-against-education-ministry-s-decisions,politics
Heading,Author,Publication Date,SourceContent,Category,URL
Heading not found,Post Report,"Published at : June 12, 2024",Kathmandu-Post,Content not found,https://kathmandupost.com/national/2024/06/12/five-nepali-workers-escape-kuwait-inferno,national
Heading,Author,Publication Date,SourceContent,Category,URL
Heading not found,Post Report,"Published at : June 13, 2024",Kathmandu-Post,Content not found,https://kathmandupost.com/national/2024/06/13/paudel-meets-his-swiss-counterpart,national
Heading,Author,Publication Date,SourceContent,Category,URL
Heading not found,Post Report,"Published at : June 12, 2024",Kathmandu-Post,Content not found,https://kathmandupost.com/money/2024/06/12/bangladesh-s-cabinet-committee-approves-proposal-to-import-40mw-electricity-from-nepal,money
Heading,Author,Publication Date,SourceContent,Category,URL
Heading not found,Sports Bureau,"Published at : June 12, 2024",Kathmandu-Post,Content not found,https://kathmandupost.com/cricket/2024/06/12/south-africa-reach-super-eight-after-rain-washes-out-nepal-vs-sri-lanka,cricket
Heading,Author,Publication Date,SourceContent,Category,URL
Heading not found,Arjun Poudel,"Published at : June 13, 2024",Kathmandu-Post,Content not found,https://kathmandupost.com/weather/2024/06/13/valley-sizzles-as-temperature-persists-over-30-degrees,weather
Heading,Author,Publication Date,SourceContent,Category,URL
Heading not found,Author not found,Date not found,Kathmandu-Post,Content not found,https://kathmandupost.com/author/arjun-poudel,author
Heading,Author,Publication Date,SourceContent,Category,URL
Heading not found,Arjun Poudel,"Published at : June 13, 2024",Kathmandu-Post,Content not found,https://kathmandupost.com/weather/2024/06/13/valley-sizzles-as-temperature-persists-over-30-degrees,weather
Heading,Author,Publication Date,SourceContent,Category,URL
Heading not found,Sangam Prasain,"Published at : June 13, 2024",Kathmandu-Post,Content not found,https://kathmandupost.com/money/2024/06/13/14-climbed-cho-oyu-in-70-years-7-did-it-last-week-to-find-route,money
Heading,Author,Publication Date,SourceContent,Category,URL
Heading not found,Author not found,Date not found,Kathmandu-Post,Content not found,https://kathmandupost.com/author/sangam-prasain,author
Heading,Author,Publication Date,SourceContent,Category,URL
Heading not found,Sangam Prasain,"Published at : June 13, 2024",Kathmandu-Post,Content not found,https://kathmandupost.com/money/2024/06/13/14-climbed-cho-oyu-in-70-years-7-did-it-last-week-to-find-route,money
Heading,Author,Publication Date,SourceContent,Category,URL
Heading not found,Post Report,"Published at : June 12, 2024",Kathmandu-Post,Content not found,https://kathmandupost.com/money/2024/06/12/bangladesh-s-cabinet-committee-approves-proposal-to-import-40mw-electricity-from-nepal,money
Heading,Author,Publication Date,SourceContent,Category,URL
Heading not found,Author not found,Date not found,Kathmandu-Post,Content not found,https://kathmandupost.com/author/post-report,author
Heading,Author,Publication Date,SourceContent,Category,URL
Heading not found,Post Report,"Published at : June 12, 2024",Kathmandu-Post,Content not found,https://kathmandupost.com/money/2024/06/12/bangladesh-s-cabinet-committee-approves-proposal-to-import-40mw-electricity-from-nepal,money
Heading,Author,Publication Date,SourceContent,Category,URL
Heading not found,Anusha Dhakal,"Published at : June 13, 2024",Kathmandu-Post,Content not found,https://kathmandupost.com/books/2024/06/13/books-have-been-instrumental-in-my-healing-journey,books
Heading,Author,Publication Date,SourceContent,Category,URL
Heading not found,Author not found,Date not found,Kathmandu-Post,Content not found,https://kathmandupost.com/author/anusha-dhakal,author
Heading,Author,Publication Date,SourceContent,Category,URL
Heading not found,Anusha Dhakal,"Published at : June 13, 2024",Kathmandu-Post,Content not found,https://kathmandupost.com/books/2024/06/13/books-have-been-instrumental-in-my-healing-journey,books
Heading,Author,Publication Date,SourceContent,Category,URL
Heading not found,Binod Ghimire,"Published at : June 13, 2024",Kathmandu-Post,Content not found,https://kathmandupost.com/politics/2024/06/13/ruling-opposition-parties-unite-against-education-ministry-s-decisions,politics
Heading,Author,Publication Date,SourceContent,Category,URL
Heading not found,Binod Ghimire,"Published at : June 13, 2024",Kathmandu-Post,Content not found,https://kathmandupost.com/politics/2024/06/13/ruling-opposition-parties-unite-against-education-ministry-s-decisions,politics
Heading,Author,Publication Date,SourceContent,Category,URL
Heading not found,Author not found,Date not found,Kathmandu-Post,Content not found,https://kathmandupost.com/author/binod-ghimire,author
Heading,Author,Publication Date,SourceContent,Category,URL
Heading not found,Anusha Dhakal,"Published at : June 13, 2024",Kathmandu-Post,Content not found,https://kathmandupost.com/books/2024/06/13/books-have-been-instrumental-in-my-healing-journey,books
Heading,Author,Publication Date,SourceContent,Category,URL
Heading not found,Author not found,Date not found,Kathmandu-Post,Content not found,https://kathmandupost.com/author/anusha-dhakal,author
Heading,Author,Publication Date,SourceContent,Category,URL
Heading not found,Anusha Dhakal,"Published at : June 13, 2024",Kathmandu-Post,Content not found,https://kathmandupost.com/books/2024/06/13/books-have-been-instrumental-in-my-healing-journey,books
Heading,Author,Publication Date,SourceContent,Category,URL
Heading not found,Author not found,Date not found,Kathmandu-Post,Content not found,https://kathmandupost.com/opinion,opinion
Heading,Author,Publication Date,SourceContent,Category,URL
Heading not found,Author not found,"Published at : June 12, 2024",Kathmandu-Post,Content not found,https://kathmandupost.com/editorial/2024/06/12/better-early,editorial
Heading,Author,Publication Date,SourceContent,Category,URL
Heading not found,Dr Pallavi Koirala,"Published at : June 12, 2024",Kathmandu-Post,Content not found,https://kathmandupost.com/columns/2024/06/12/improving-health-insurance-coverage,columns
Heading,Author,Publication Date,SourceContent,Category,URL
Heading not found,Author not found,Date not found,Kathmandu-Post,Content not found,https://kathmandupost.com/author/pallavi-koirala,author
Heading,Author,Publication Date,SourceContent,Category,URL
Heading not found,Rafia Zakaria,"Published at : June 12, 2024",Kathmandu-Post,Content not found,https://kathmandupost.com/columns/2024/06/12/the-working-children,columns
Heading,Author,Publication Date,SourceContent,Category,URL
Heading not found,Author not found,Date not found,Kathmandu-Post,Content not found,https://kathmandupost.com/author/rafia-zakaria,author
Heading,Author,Publication Date,SourceContent,Category,URL
Heading not found,Author not found,"Published at : June 11, 2024",Kathmandu-Post,Content not found,https://kathmandupost.com/editorial/2024/06/11/enter-monsoon,editorial
Heading,Author,Publication Date,SourceContent,Category,URL
Heading not found,Author not found,Date not found,Kathmandu-Post,Content not found,https://kathmandupost.com/visual-stories,visual-stories
Heading,Author,Publication Date,SourceContent,Category,URL
Heading not found,Post Report,"Published at : June 12, 2024",Kathmandu-Post,Content not found,https://kathmandupost.com/visual-stories/2024/06/12/nepalis-turn-up-in-numbers-to-support-national-team,visual-stories
Heading,Author,Publication Date,SourceContent,Category,URL
Heading not found,Post Report,"Published at : June 12, 2024",Kathmandu-Post,Content not found,https://kathmandupost.com/visual-stories/2024/06/12/nepalis-turn-up-in-numbers-to-support-national-team,visual-stories
Heading,Author,Publication Date,SourceContent,Category,URL
Heading not found,Post Report,"Published at : June 9, 2024",Kathmandu-Post,Content not found,https://kathmandupost.com/visual-stories/2024/06/09/flyover-construction-in-full-swing-in-balambu,visual-stories
Heading,Author,Publication Date,SourceContent,Category,URL
Heading not found,Post Report,"Published at : June 9, 2024",Kathmandu-Post,Content not found,https://kathmandupost.com/visual-stories/2024/06/09/flyover-construction-in-full-swing-in-balambu,visual-stories
Heading,Author,Publication Date,SourceContent,Category,URL
Heading not found,Post Report,"Published at : June 8, 2024",Kathmandu-Post,Content not found,https://kathmandupost.com/visual-stories/2024/06/08/kirat-community-marks-sakela-ubhauli-with-zest-and-zeal,visual-stories
Heading,Author,Publication Date,SourceContent,Category,URL
Heading not found,Post Report,"Published at : June 8, 2024",Kathmandu-Post,Content not found,https://kathmandupost.com/visual-stories/2024/06/08/kirat-community-marks-sakela-ubhauli-with-zest-and-zeal,visual-stories
Heading,Author,Publication Date,SourceContent,Category,URL
Heading not found,Post Report,"Published at : June 8, 2024",Kathmandu-Post,Content not found,https://kathmandupost.com/visual-stories/2024/06/08/the-week-in-7-photos-1717819105,visual-stories
Heading,Author,Publication Date,SourceContent,Category,URL
Heading not found,Post Report,"Published at : June 8, 2024",Kathmandu-Post,Content not found,https://kathmandupost.com/visual-stories/2024/06/08/the-week-in-7-photos-1717819105,visual-stories
Heading,Author,Publication Date,SourceContent,Category,URL
Heading not found,Reuters,"Published at : June 13, 2024",Kathmandu-Post,Content not found,https://kathmandupost.com/world/2024/06/13/from-northwest-to-east-china-parched-and-baking-regions-face-drought,world
Heading,Author,Publication Date,SourceContent,Category,URL
Heading not found,Reuters,"Published at : June 13, 2024",Kathmandu-Post,Content not found,https://kathmandupost.com/world/2024/06/13/from-northwest-to-east-china-parched-and-baking-regions-face-drought,world
Heading,Author,Publication Date,SourceContent,Category,URL
Heading not found,Author not found,Date not found,Kathmandu-Post,Content not found,https://kathmandupost.com/author/reuters,author
Heading,Author,Publication Date,SourceContent,Category,URL
Heading not found,Madhav Aryal,"Published at : June 13, 2024",Kathmandu-Post,Content not found,https://kathmandupost.com/province-no-5/2024/06/13/three-dead-two-injured-in-palpa-car-accident,province-no-5
Heading,Author,Publication Date,SourceContent,Category,URL
Heading not found,Madhav Aryal,"Published at : June 13, 2024",Kathmandu-Post,Content not found,https://kathmandupost.com/province-no-5/2024/06/13/three-dead-two-injured-in-palpa-car-accident,province-no-5
Heading,Author,Publication Date,SourceContent,Category,URL
Heading not found,Author not found,Date not found,Kathmandu-Post,Content not found,https://kathmandupost.com/author/madhav-aryal,author
Heading,Author,Publication Date,SourceContent,Category,URL
Heading not found,Jyoti Shrestha,"Published at : June 13, 2024",Kathmandu-Post,Content not found,https://kathmandupost.com/province-no-3/2024/06/13/one-dead-another-injured-in-motorcycle-accident-1718257621,province-no-3
Heading,Author,Publication Date,SourceContent,Category,URL
Heading not found,Jyoti Shrestha,"Published at : June 13, 2024",Kathmandu-Post,Content not found,https://kathmandupost.com/province-no-3/2024/06/13/one-dead-another-injured-in-motorcycle-accident-1718257621,province-no-3
Heading,Author,Publication Date,SourceContent,Category,URL
Heading not found,Author not found,Date not found,Kathmandu-Post,Content not found,https://kathmandupost.com/author/jyoti-shrestha,author
Heading,Author,Publication Date,SourceContent,Category,URL
Heading not found,Reuters,"Published at : June 13, 2024",Kathmandu-Post,Content not found,https://kathmandupost.com/world/2024/06/13/troubled-g7-leaders-focus-on-ukraine-war-china-in-italian-summit,world
Heading,Author,Publication Date,SourceContent,Category,URL
Heading not found,Reuters,"Published at : June 13, 2024",Kathmandu-Post,Content not found,https://kathmandupost.com/world/2024/06/13/troubled-g7-leaders-focus-on-ukraine-war-china-in-italian-summit,world
Heading,Author,Publication Date,SourceContent,Category,URL
Heading not found,Author not found,Date not found,Kathmandu-Post,Content not found,https://kathmandupost.com/author/reuters,author
Heading,Author,Publication Date,SourceContent,Category,URL
Heading not found,Post Report,"Published at : June 13, 2024",Kathmandu-Post,Content not found,https://kathmandupost.com/weather/2024/06/13/today-s-weather-june-13-2024,weather
Heading,Author,Publication Date,SourceContent,Category,URL
Heading not found,Post Report,"Published at : June 13, 2024",Kathmandu-Post,Content not found,https://kathmandupost.com/weather/2024/06/13/today-s-weather-june-13-2024,weather
Heading,Author,Publication Date,SourceContent,Category,URL
Heading not found,Author not found,Date not found,Kathmandu-Post,Content not found,https://kathmandupost.com/author/post-report,author
Heading,Author,Publication Date,SourceContent,Category,URL
Heading not found,Post Report,"Published at : June 13, 2024",Kathmandu-Post,Content not found,https://kathmandupost.com/art-culture/2024/06/13/panel-highlights-media-s-role-in-women-s-political-visibility,art-culture
Heading,Author,Publication Date,SourceContent,Category,URL
Heading not found,Post Report,"Published at : June 13, 2024",Kathmandu-Post,Content not found,https://kathmandupost.com/art-culture/2024/06/13/panel-highlights-media-s-role-in-women-s-political-visibility,art-culture
Heading,Author,Publication Date,SourceContent,Category,URL
Heading not found,Author not found,Date not found,Kathmandu-Post,Content not found,https://kathmandupost.com/author/post-report,author
Heading,Author,Publication Date,SourceContent,Category,URL
Heading not found,Anusha Dhakal,"Published at : June 13, 2024",Kathmandu-Post,Content not found,https://kathmandupost.com/books/2024/06/13/books-have-been-instrumental-in-my-healing-journey,books
Heading,Author,Publication Date,SourceContent,Category,URL
Heading not found,Anusha Dhakal,"Published at : June 13, 2024",Kathmandu-Post,Content not found,https://kathmandupost.com/books/2024/06/13/books-have-been-instrumental-in-my-healing-journey,books
Heading,Author,Publication Date,SourceContent,Category,URL
Heading not found,Author not found,Date not found,Kathmandu-Post,Content not found,https://kathmandupost.com/author/anusha-dhakal,author
Heading,Author,Publication Date,SourceContent,Category,URL
Heading not found,Post Report,"Published at : June 13, 2024",Kathmandu-Post,Content not found,https://kathmandupost.com/national/2024/06/13/paudel-meets-his-swiss-counterpart,national
Heading,Author,Publication Date,SourceContent,Category,URL
Heading not found,Post Report,"Published at : June 13, 2024",Kathmandu-Post,Content not found,https://kathmandupost.com/national/2024/06/13/paudel-meets-his-swiss-counterpart,national
Heading,Author,Publication Date,SourceContent,Category,URL
Heading not found,Author not found,Date not found,Kathmandu-Post,Content not found,https://kathmandupost.com/author/post-report,author
Heading,Author,Publication Date,SourceContent,Category,URL
Heading not found,Arjun Poudel,"Published at : June 13, 2024",Kathmandu-Post,Content not found,https://kathmandupost.com/weather/2024/06/13/valley-sizzles-as-temperature-persists-over-30-degrees,weather
Heading,Author,Publication Date,SourceContent,Category,URL
Heading not found,Arjun Poudel,"Published at : June 13, 2024",Kathmandu-Post,Content not found,https://kathmandupost.com/weather/2024/06/13/valley-sizzles-as-temperature-persists-over-30-degrees,weather
Heading,Author,Publication Date,SourceContent,Category,URL
Heading not found,Author not found,Date not found,Kathmandu-Post,Content not found,https://kathmandupost.com/author/arjun-poudel,author
Heading,Author,Publication Date,SourceContent,Category,URL
Heading not found,Binod Ghimire,"Published at : June 13, 2024",Kathmandu-Post,Content not found,https://kathmandupost.com/politics/2024/06/13/ruling-opposition-parties-unite-against-education-ministry-s-decisions,politics
Heading,Author,Publication Date,SourceContent,Category,URL
Heading not found,Binod Ghimire,"Published at : June 13, 2024",Kathmandu-Post,Content not found,https://kathmandupost.com/politics/2024/06/13/ruling-opposition-parties-unite-against-education-ministry-s-decisions,politics
Heading,Author,Publication Date,SourceContent,Category,URL
Heading not found,Author not found,Date not found,Kathmandu-Post,Content not found,https://kathmandupost.com/author/binod-ghimire,author
Heading,Author,Publication Date,SourceContent,Category,URL
Heading not found,Sangam Prasain,"Published at : June 13, 2024",Kathmandu-Post,Content not found,https://kathmandupost.com/money/2024/06/13/14-climbed-cho-oyu-in-70-years-7-did-it-last-week-to-find-route,money
Heading,Author,Publication Date,SourceContent,Category,URL
Heading not found,Sangam Prasain,"Published at : June 13, 2024",Kathmandu-Post,Content not found,https://kathmandupost.com/money/2024/06/13/14-climbed-cho-oyu-in-70-years-7-did-it-last-week-to-find-route,money
Heading,Author,Publication Date,SourceContent,Category,URL
Heading not found,Author not found,Date not found,Kathmandu-Post,Content not found,https://kathmandupost.com/author/sangam-prasain,author
Heading,Author,Publication Date,SourceContent,Category,URL
Heading not found,Dil Kumar Ale Magar,"Published at : June 12, 2024",Kathmandu-Post,Content not found,https://kathmandupost.com/football/2024/06/12/nepal-find-gear-on-last-day-but-signs-are-promising,football
Heading,Author,Publication Date,SourceContent,Category,URL
Heading not found,Dil Kumar Ale Magar,"Published at : June 12, 2024",Kathmandu-Post,Content not found,https://kathmandupost.com/football/2024/06/12/nepal-find-gear-on-last-day-but-signs-are-promising,football
Heading,Author,Publication Date,SourceContent,Category,URL
Heading not found,Author not found,Date not found,Kathmandu-Post,Content not found,https://kathmandupost.com/author/dil-kumar-ale-magar,author
Heading,Author,Publication Date,SourceContent,Category,URL
Heading not found,Post Report,"Published at : June 12, 2024",Kathmandu-Post,Content not found,https://kathmandupost.com/national/2024/06/12/upendra-yadav-reelected-jsp-nepal-chair-unopposed,national
Heading,Author,Publication Date,SourceContent,Category,URL
Heading not found,Post Report,"Published at : June 12, 2024",Kathmandu-Post,Content not found,https://kathmandupost.com/national/2024/06/12/upendra-yadav-reelected-jsp-nepal-chair-unopposed,national
Heading,Author,Publication Date,SourceContent,Category,URL
Heading not found,Reuters,"Published at : June 12, 2024",Kathmandu-Post,Content not found,https://kathmandupost.com/world/2024/06/12/eu-to-impose-tariffs-of-up-to-38-on-chinese-electric-vehicles,world
Heading,Author,Publication Date,SourceContent,Category,URL
Heading not found,Reuters,"Published at : June 12, 2024",Kathmandu-Post,Content not found,https://kathmandupost.com/world/2024/06/12/eu-to-impose-tariffs-of-up-to-38-on-chinese-electric-vehicles,world
Heading,Author,Publication Date,SourceContent,Category,URL
Heading not found,Post Report,"Published at : June 12, 2024",Kathmandu-Post,Content not found,https://kathmandupost.com/national/2024/06/12/top-court-issues-show-cause-notice-on-funds-allocation-to-madhesh-lawmakers,national
Heading,Author,Publication Date,SourceContent,Category,URL
Heading not found,Post Report,"Published at : June 12, 2024",Kathmandu-Post,Content not found,https://kathmandupost.com/national/2024/06/12/top-court-issues-show-cause-notice-on-funds-allocation-to-madhesh-lawmakers,national
Heading,Author,Publication Date,SourceContent,Category,URL
Heading not found,Sports Bureau,"Published at : June 12, 2024",Kathmandu-Post,Content not found,https://kathmandupost.com/cricket/2024/06/12/south-africa-reach-super-eight-after-rain-washes-out-nepal-vs-sri-lanka,cricket
Heading,Author,Publication Date,SourceContent,Category,URL
Heading not found,Sports Bureau,"Published at : June 12, 2024",Kathmandu-Post,Content not found,https://kathmandupost.com/cricket/2024/06/12/south-africa-reach-super-eight-after-rain-washes-out-nepal-vs-sri-lanka,cricket
Heading,Author,Publication Date,SourceContent,Category,URL
Heading not found,Reuters,"Published at : June 12, 2024",Kathmandu-Post,Content not found,https://kathmandupost.com/world/2024/06/12/fire-in-kuwaiti-building-housing-workers-kills-41,world
Heading,Author,Publication Date,SourceContent,Category,URL
Heading not found,Reuters,"Published at : June 12, 2024",Kathmandu-Post,Content not found,https://kathmandupost.com/world/2024/06/12/fire-in-kuwaiti-building-housing-workers-kills-41,world
Heading,Author,Publication Date,SourceContent,Category,URL
Heading not found,Author not found,Date not found,Kathmandu-Post,Content not found,https://epaper.ekantipur.com/kathmandupost,kathmandupost
Heading,Author,Publication Date,SourceContent,Category,URL
Heading not found,Author not found,Date not found,Kathmandu-Post,Content not found,https://epaper.ekantipur.com/kathmandupost,kathmandupost
Heading,Author,Publication Date,SourceContent,Category,URL
Heading not found,Anil Giri,"Published at : June 7, 2024",Kathmandu-Post,Content not found,https://kathmandupost.com/politics/2024/06/07/modi-3-0-all-eyes-on-india-s-nepal-peripheral-policies,politics
Heading,Author,Publication Date,SourceContent,Category,URL
Heading not found,Anil Giri,"Published at : June 7, 2024",Kathmandu-Post,Content not found,https://kathmandupost.com/politics/2024/06/07/modi-3-0-all-eyes-on-india-s-nepal-peripheral-policies,politics
Heading,Author,Publication Date,SourceContent,Category,URL
Heading not found,Basant Pratap Singh,"Published at : June 5, 2024",Kathmandu-Post,Content not found,https://kathmandupost.com/climate-environment/2024/06/05/climate-change-hits-mountain-people-on-multiple-fronts,climate-environment
Heading,Author,Publication Date,SourceContent,Category,URL
Heading not found,Basant Pratap Singh,"Published at : June 5, 2024",Kathmandu-Post,Content not found,https://kathmandupost.com/climate-environment/2024/06/05/climate-change-hits-mountain-people-on-multiple-fronts,climate-environment
Heading,Author,Publication Date,SourceContent,Category,URL
Heading not found,Binod Ghimire,"Published at : June 6, 2024",Kathmandu-Post,Content not found,https://kathmandupost.com/politics/2024/06/06/lawmakers-ignorance-of-provisions-in-bills-fuels-policy-corruption,politics
Heading,Author,Publication Date,SourceContent,Category,URL
Heading not found,Binod Ghimire,"Published at : June 6, 2024",Kathmandu-Post,Content not found,https://kathmandupost.com/politics/2024/06/06/lawmakers-ignorance-of-provisions-in-bills-fuels-policy-corruption,politics
Heading,Author,Publication Date,SourceContent,Category,URL
Heading not found,Sucheta Pyakuryal,"Published at : June 2, 2024",Kathmandu-Post,Content not found,https://kathmandupost.com/columns/2024/06/02/taming-of-the-shrews,columns
Heading,Author,Publication Date,SourceContent,Category,URL
Heading not found,Sucheta Pyakuryal,"Published at : June 2, 2024",Kathmandu-Post,Content not found,https://kathmandupost.com/columns/2024/06/02/taming-of-the-shrews,columns
Heading,Author,Publication Date,SourceContent,Category,URL
Heading not found,Krishana Prasain,"Published at : June 9, 2024",Kathmandu-Post,Content not found,https://kathmandupost.com/money/2024/06/09/after-3-years-nepal-dusts-off-plan-to-launch-5g,money
Heading,Author,Publication Date,SourceContent,Category,URL
Heading not found,Krishana Prasain,"Published at : June 9, 2024",Kathmandu-Post,Content not found,https://kathmandupost.com/money/2024/06/09/after-3-years-nepal-dusts-off-plan-to-launch-5g,money
Heading,Author,Publication Date,SourceContent,Category,URL
Heading not found,Author not found,Date not found,Kathmandu-Post,Content not found,https://assets-cdn.kantipurdaily.com/uploads/source/ads/done-0142019070102.jpg,uploads
Heading,Author,Publication Date,SourceContent,Category,URL
Heading not found,Author not found,Date not found,Kathmandu-Post,Content not found,http://www.kmg.com.np/subscribe,subscribe
Heading,Author,Publication Date,SourceContent,Category,URL
Heading not found,Author not found,Date not found,Kathmandu-Post,Content not found,http://www.kmg.com.np/subscribe,subscribe
Heading,Author,Publication Date,SourceContent,Category,URL
Heading not found,Author not found,Date not found,Kathmandu-Post,Content not found,https://kathmandupost.com/videos,videos
Heading,Author,Publication Date,SourceContent,Category,URL
Heading not found,Author not found,"Published at : May 15, 2024",Kathmandu-Post,Content not found,https://kathmandupost.com/videos/2024/05/15/flawed-textbooks-idea-of-nepal-with-prakriti-nepal,videos
Heading,Author,Publication Date,SourceContent,Category,URL
Heading not found,Author not found,"Published at : May 15, 2024",Kathmandu-Post,Content not found,https://kathmandupost.com/videos/2024/05/15/flawed-textbooks-idea-of-nepal-with-prakriti-nepal,videos
Heading,Author,Publication Date,SourceContent,Category,URL
Heading not found,Author not found,"Published at : May 1, 2024",Kathmandu-Post,Content not found,https://kathmandupost.com/videos/2024/05/01/nepali-nationalism-idea-of-nepal-with-hari-sharma,videos
Heading,Author,Publication Date,SourceContent,Category,URL
Heading not found,Author not found,"Published at : May 1, 2024",Kathmandu-Post,Content not found,https://kathmandupost.com/videos/2024/05/01/nepali-nationalism-idea-of-nepal-with-hari-sharma,videos
Heading,Author,Publication Date,SourceContent,Category,URL
Heading not found,Post Report,"Published at : April 14, 2024",Kathmandu-Post,Content not found,https://kathmandupost.com/videos/2024/04/14/china-lost-in-translation-idea-of-nepal-with-aneka-rajbhandari,videos
Heading,Author,Publication Date,SourceContent,Category,URL
Heading not found,Post Report,"Published at : April 14, 2024",Kathmandu-Post,Content not found,https://kathmandupost.com/videos/2024/04/14/china-lost-in-translation-idea-of-nepal-with-aneka-rajbhandari,videos
Heading,Author,Publication Date,SourceContent,Category,URL
Heading not found,Author not found,"Published at : March 26, 2024",Kathmandu-Post,Content not found,https://kathmandupost.com/videos/2024/03/26/public-debate-in-nepal-idea-of-nepal-with-saumitra-neupane,videos
Heading,Author,Publication Date,SourceContent,Category,URL
Heading not found,Author not found,"Published at : March 26, 2024",Kathmandu-Post,Content not found,https://kathmandupost.com/videos/2024/03/26/public-debate-in-nepal-idea-of-nepal-with-saumitra-neupane,videos
Heading,Author,Publication Date,SourceContent,Category,URL
Heading not found,Author not found,Date not found,Kathmandu-Post,Content not found,https://kathmandupost.com/art-culture,art-culture
Heading,Author,Publication Date,SourceContent,Category,URL
Heading not found,Post Report,"Published at : June 13, 2024",Kathmandu-Post,Content not found,https://kathmandupost.com/art-culture/2024/06/13/panel-highlights-media-s-role-in-women-s-political-visibility,art-culture
Heading,Author,Publication Date,SourceContent,Category,URL
Heading not found,Post Report,"Published at : June 13, 2024",Kathmandu-Post,Content not found,https://kathmandupost.com/art-culture/2024/06/13/panel-highlights-media-s-role-in-women-s-political-visibility,art-culture
Heading,Author,Publication Date,SourceContent,Category,URL
Heading not found,Anusha Dhakal,"Published at : June 13, 2024",Kathmandu-Post,Content not found,https://kathmandupost.com/books/2024/06/13/books-have-been-instrumental-in-my-healing-journey,books
Heading,Author,Publication Date,SourceContent,Category,URL
Heading not found,Anusha Dhakal,"Published at : June 13, 2024",Kathmandu-Post,Content not found,https://kathmandupost.com/books/2024/06/13/books-have-been-instrumental-in-my-healing-journey,books
Heading,Author,Publication Date,SourceContent,Category,URL
Heading not found,Hisila Yami,"Published at : June 12, 2024",Kathmandu-Post,Content not found,https://kathmandupost.com/movie-review/2024/06/12/down-with-caste-discrimination,movie-review
Heading,Author,Publication Date,SourceContent,Category,URL
Heading not found,Hisila Yami,"Published at : June 12, 2024",Kathmandu-Post,Content not found,https://kathmandupost.com/movie-review/2024/06/12/down-with-caste-discrimination,movie-review
Heading,Author,Publication Date,SourceContent,Category,URL
Heading not found,Aarati Ray,"Published at : June 12, 2024",Kathmandu-Post,Content not found,https://kathmandupost.com/arts/2024/06/12/lives-of-rural-trans-women-in-madhesh,arts
Heading,Author,Publication Date,SourceContent,Category,URL
Heading not found,Aarati Ray,"Published at : June 12, 2024",Kathmandu-Post,Content not found,https://kathmandupost.com/arts/2024/06/12/lives-of-rural-trans-women-in-madhesh,arts
Heading,Author,Publication Date,SourceContent,Category,URL
Heading not found,Sujina Manandhar,"Published at : June 11, 2024",Kathmandu-Post,Content not found,https://kathmandupost.com/art-culture/2024/06/11/dear-busy-parents-your-presence-matters,art-culture
Heading,Author,Publication Date,SourceContent,Category,URL
Heading not found,Sujina Manandhar,"Published at : June 11, 2024",Kathmandu-Post,Content not found,https://kathmandupost.com/art-culture/2024/06/11/dear-busy-parents-your-presence-matters,art-culture
Heading,Author,Publication Date,SourceContent,Category,URL
Heading not found,Author not found,Date not found,Kathmandu-Post,Content not found,https://kathmandupost.com/national,national
Heading,Author,Publication Date,SourceContent,Category,URL
Heading not found,Madhav Aryal,"Published at : June 13, 2024",Kathmandu-Post,Content not found,https://kathmandupost.com/province-no-5/2024/06/13/three-dead-two-injured-in-palpa-car-accident,province-no-5
Heading,Author,Publication Date,SourceContent,Category,URL
Heading not found,Madhav Aryal,"Published at : June 13, 2024",Kathmandu-Post,Content not found,https://kathmandupost.com/province-no-5/2024/06/13/three-dead-two-injured-in-palpa-car-accident,province-no-5
Heading,Author,Publication Date,SourceContent,Category,URL
Heading not found,Jyoti Shrestha,"Published at : June 13, 2024",Kathmandu-Post,Content not found,https://kathmandupost.com/province-no-3/2024/06/13/one-dead-another-injured-in-motorcycle-accident-1718257621,province-no-3
Heading,Author,Publication Date,SourceContent,Category,URL
Heading not found,Post Report,"Published at : June 13, 2024",Kathmandu-Post,Content not found,https://kathmandupost.com/national/2024/06/13/paudel-meets-his-swiss-counterpart,national
Heading,Author,Publication Date,SourceContent,Category,URL
Heading not found,Post Report,"Published at : June 12, 2024",Kathmandu-Post,Content not found,https://kathmandupost.com/national/2024/06/12/five-nepali-workers-escape-kuwait-inferno,national
Heading,Author,Publication Date,SourceContent,Category,URL
Heading not found,Post Report,"Published at : June 12, 2024",Kathmandu-Post,Content not found,https://kathmandupost.com/national/2024/06/12/top-court-issues-show-cause-notice-on-funds-allocation-to-madhesh-lawmakers,national
Heading,Author,Publication Date,SourceContent,Category,URL
Heading not found,Author not found,Date not found,Kathmandu-Post,Content not found,https://kathmandupost.com/politics,politics
Heading,Author,Publication Date,SourceContent,Category,URL
Heading not found,Binod Ghimire,"Published at : June 13, 2024",Kathmandu-Post,Content not found,https://kathmandupost.com/politics/2024/06/13/ruling-opposition-parties-unite-against-education-ministry-s-decisions,politics
Heading,Author,Publication Date,SourceContent,Category,URL
Heading not found,Binod Ghimire,"Published at : June 13, 2024",Kathmandu-Post,Content not found,https://kathmandupost.com/politics/2024/06/13/ruling-opposition-parties-unite-against-education-ministry-s-decisions,politics
Heading,Author,Publication Date,SourceContent,Category,URL
Heading not found,Purushottam Poudel,"Published at : June 10, 2024",Kathmandu-Post,Content not found,https://kathmandupost.com/politics/2024/06/10/after-mergers-and-splits-upendra-yadav-goes-to-convention-to-cement-his-position,politics
Heading,Author,Publication Date,SourceContent,Category,URL
Heading not found,Purushottam Poudel,"Published at : June 9, 2024",Kathmandu-Post,Content not found,https://kathmandupost.com/politics/2024/06/09/politicians-experts-offer-ways-to-make-provinces-viable,politics
Heading,Author,Publication Date,SourceContent,Category,URL
Heading not found,Post Report,"Published at : June 8, 2024",Kathmandu-Post,Content not found,https://kathmandupost.com/politics/2024/06/08/education-commission-report-kept-secret-by-oli-government-made-public,politics
Heading,Author,Publication Date,SourceContent,Category,URL
Heading not found,Anil Giri,"Published at : June 7, 2024",Kathmandu-Post,Content not found,https://kathmandupost.com/politics/2024/06/07/modi-3-0-all-eyes-on-india-s-nepal-peripheral-policies,politics
Heading,Author,Publication Date,SourceContent,Category,URL
Heading not found,Author not found,Date not found,Kathmandu-Post,Content not found,https://kathmandupost.com/valley,valley
Heading,Author,Publication Date,SourceContent,Category,URL
Heading not found,Post Report,"Published at : June 9, 2024",Kathmandu-Post,Content not found,https://kathmandupost.com/valley/2024/06/09/three-arrested-on-cooperative-fraud-charges,valley
Heading,Author,Publication Date,SourceContent,Category,URL
Heading not found,Post Report,"Published at : June 9, 2024",Kathmandu-Post,Content not found,https://kathmandupost.com/valley/2024/06/09/three-arrested-on-cooperative-fraud-charges,valley
Heading,Author,Publication Date,SourceContent,Category,URL
Heading not found,Post Report,"Published at : June 7, 2024",Kathmandu-Post,Content not found,https://kathmandupost.com/kathmandu/2024/06/07/congress-backs-kathmandu-mayor-s-new-road-sidewalk-expansion-bid,kathmandu
Heading,Author,Publication Date,SourceContent,Category,URL
Heading not found,Post Report,"Published at : June 6, 2024",Kathmandu-Post,Content not found,https://kathmandupost.com/kathmandu/2024/06/06/two-found-dead-in-dakshinkali,kathmandu
Heading,Author,Publication Date,SourceContent,Category,URL
Heading not found,Arjun Poudel,"Published at : June 6, 2024",Kathmandu-Post,Content not found,https://kathmandupost.com/kathmandu/2024/06/06/as-monsoon-nears-kmc-starts-repairing-road-to-bancharedanda-landfill-site,kathmandu
Heading,Author,Publication Date,SourceContent,Category,URL
Heading not found,Post Report,"Published at : June 5, 2024",Kathmandu-Post,Content not found,https://kathmandupost.com/kathmandu/2024/06/05/man-sets-self-family-members-on-fire-in-kathmandu,kathmandu
Heading,Author,Publication Date,SourceContent,Category,URL
Heading not found,Author not found,Date not found,Kathmandu-Post,Content not found,https://kathmandupost.com/money,money
Heading,Author,Publication Date,SourceContent,Category,URL
Heading not found,Sangam Prasain,"Published at : June 13, 2024",Kathmandu-Post,Content not found,https://kathmandupost.com/money/2024/06/13/14-climbed-cho-oyu-in-70-years-7-did-it-last-week-to-find-route,money
Heading,Author,Publication Date,SourceContent,Category,URL
Heading not found,Sangam Prasain,"Published at : June 13, 2024",Kathmandu-Post,Content not found,https://kathmandupost.com/money/2024/06/13/14-climbed-cho-oyu-in-70-years-7-did-it-last-week-to-find-route,money
Heading,Author,Publication Date,SourceContent,Category,URL
Heading not found,Post Report,"Published at : June 12, 2024",Kathmandu-Post,Content not found,https://kathmandupost.com/money/2024/06/12/bangladesh-s-cabinet-committee-approves-proposal-to-import-40mw-electricity-from-nepal,money
Heading,Author,Publication Date,SourceContent,Category,URL
Heading not found,Post Report,"Published at : June 12, 2024",Kathmandu-Post,Content not found,https://kathmandupost.com/money/2024/06/12/nepal-s-export-of-high-value-goods-grows-at-snail-s-pace,money
Heading,Author,Publication Date,SourceContent,Category,URL
Heading not found,Post Report,"Published at : June 11, 2024",Kathmandu-Post,Content not found,https://kathmandupost.com/money/2024/06/11/suman-pandey-appointed-vice-chairman-of-pata,money
Heading,Author,Publication Date,SourceContent,Category,URL
Heading not found,Krishana Prasain,"Published at : June 11, 2024",Kathmandu-Post,Content not found,https://kathmandupost.com/money/2024/06/11/activists-pin-high-hopes-as-nepal-plans-to-set-up-consumer-court-this-year,money
Heading,Author,Publication Date,SourceContent,Category,URL
Heading not found,Author not found,Date not found,Kathmandu-Post,Content not found,https://kathmandupost.com/climate-environment,climate-environment
Heading,Author,Publication Date,SourceContent,Category,URL
Heading not found,Arjun Poudel,"Published at : June 10, 2024",Kathmandu-Post,Content not found,https://kathmandupost.com/climate-environment/2024/06/10/monsoon-enters-nepal-three-days-ahead-of-schedule,climate-environment
Heading,Author,Publication Date,SourceContent,Category,URL
Heading not found,Arjun Poudel,"Published at : June 10, 2024",Kathmandu-Post,Content not found,https://kathmandupost.com/climate-environment/2024/06/10/monsoon-enters-nepal-three-days-ahead-of-schedule,climate-environment
Heading,Author,Publication Date,SourceContent,Category,URL
Heading not found,Basant Pratap Singh,"Published at : June 5, 2024",Kathmandu-Post,Content not found,https://kathmandupost.com/climate-environment/2024/06/05/climate-change-hits-mountain-people-on-multiple-fronts,climate-environment
Heading,Author,Publication Date,SourceContent,Category,URL
Heading not found,Reuters,"Published at : June 3, 2024",Kathmandu-Post,Content not found,https://kathmandupost.com/climate-environment/2024/06/03/heat-wave-kills-at-least-56-in-india-nearly-25-000-heat-stroke-cases-from-march-may,climate-environment
Heading,Author,Publication Date,SourceContent,Category,URL
Heading not found,Post Report,"Published at : June 1, 2024",Kathmandu-Post,Content not found,https://kathmandupost.com/climate-environment/2024/06/01/met-office-warns-of-hot-winds-heat-waves-in-tarai-region,climate-environment
Heading,Author,Publication Date,SourceContent,Category,URL
Heading not found,"Arjun Sahi, Kamal Panthi& Bhawani Bhatta","Published at : June 1, 2024",Kathmandu-Post,Content not found,https://kathmandupost.com/climate-environment/2024/06/01/extreme-heat-disrupts-life-in-west-terai,climate-environment
Heading,Author,Publication Date,SourceContent,Category,URL
Heading not found,Author not found,Date not found,Kathmandu-Post,Content not found,https://kathmandupost.com/health,health
Heading,Author,Publication Date,SourceContent,Category,URL
Heading not found,Arjun Poudel,"Published at : June 8, 2024",Kathmandu-Post,Content not found,https://kathmandupost.com/health/2024/06/08/cholera-outbreak-in-kathmandu-authorities-unaware,health
Heading,Author,Publication Date,SourceContent,Category,URL
Heading not found,Arjun Poudel,"Published at : June 8, 2024",Kathmandu-Post,Content not found,https://kathmandupost.com/health/2024/06/08/cholera-outbreak-in-kathmandu-authorities-unaware,health
Heading,Author,Publication Date,SourceContent,Category,URL
Heading not found,Arjun Poudel,"Published at : June 8, 2024",Kathmandu-Post,Content not found,https://kathmandupost.com/health/2024/06/08/most-districts-report-dengue-outbreaks,health
Heading,Author,Publication Date,SourceContent,Category,URL
Heading not found,Post Report,"Published at : June 5, 2024",Kathmandu-Post,Content not found,https://kathmandupost.com/health/2024/06/05/heatwave-condition-affects-polio-vaccination-in-tarai,health
Heading,Author,Publication Date,SourceContent,Category,URL
Heading not found,Arjun Poudel,"Published at : June 3, 2024",Kathmandu-Post,Content not found,https://kathmandupost.com/health/2024/06/03/nepal-aims-to-reduce-neonatal-deaths-to-13-but-experts-sceptical-about-the-goal-s-success,health
Heading,Author,Publication Date,SourceContent,Category,URL
Heading not found,Post Report,"Published at : May 29, 2024",Kathmandu-Post,Content not found,https://kathmandupost.com/health/2024/05/29/government-sets-aside-a-meagre-4-6-percent-of-the-annual-budget-for-the-health-sector,health
Heading,Author,Publication Date,SourceContent,Category,URL
Heading not found,Author not found,Date not found,Kathmandu-Post,Content not found,https://kathmandupost.com/food,food
Heading,Author,Publication Date,SourceContent,Category,URL
Heading not found,Aarati Ray,"Published at : May 10, 2024",Kathmandu-Post,Content not found,https://kathmandupost.com/food/2024/05/10/taking-nepali-taste-to-new-york,food
Heading,Author,Publication Date,SourceContent,Category,URL
Heading not found,Aarati Ray,"Published at : May 10, 2024",Kathmandu-Post,Content not found,https://kathmandupost.com/food/2024/05/10/taking-nepali-taste-to-new-york,food
Heading,Author,Publication Date,SourceContent,Category,URL
Heading not found,Anusha Dhakal,"Published at : April 27, 2024",Kathmandu-Post,Content not found,https://kathmandupost.com/recipes/2024/04/27/patience-passion-and-pastries,recipes
Heading,Author,Publication Date,SourceContent,Category,URL
Heading not found,Post Report,"Published at : January 27, 2024",Kathmandu-Post,Content not found,https://kathmandupost.com/food/2024/01/27/know-your-food-potato,food
Heading,Author,Publication Date,SourceContent,Category,URL
Heading not found,Post Report,"Published at : January 13, 2024",Kathmandu-Post,Content not found,https://kathmandupost.com/food/2024/01/13/know-your-food-eggs,food
Heading,Author,Publication Date,SourceContent,Category,URL
Heading not found,Anish Ghimire,"Published at : December 28, 2023",Kathmandu-Post,Content not found,https://kathmandupost.com/food/2023/12/28/italian-delights-at-piano-piano-south,food
Heading,Author,Publication Date,SourceContent,Category,URL
Heading not found,Author not found,Date not found,Kathmandu-Post,Content not found,https://kathmandupost.com/travel,travel
Heading,Author,Publication Date,SourceContent,Category,URL
Heading not found,Author not found,"Published at : February 19, 2024",Kathmandu-Post,Content not found,https://kathmandupost.com/travel/2024/02/19/7-places-in-nepal-you-should-visit-in-2024,travel
Heading,Author,Publication Date,SourceContent,Category,URL
Heading not found,Author not found,"Published at : February 19, 2024",Kathmandu-Post,Content not found,https://kathmandupost.com/travel/2024/02/19/7-places-in-nepal-you-should-visit-in-2024,travel
Heading,Author,Publication Date,SourceContent,Category,URL
Heading not found,Deepak Adhikari,"Published at : November 18, 2023",Kathmandu-Post,Content not found,https://kathmandupost.com/travel/2023/11/18/old-memories-and-new-realities-in-phidim,travel
Heading,Author,Publication Date,SourceContent,Category,URL
Heading not found,Anish Ghimire,"Published at : October 28, 2023",Kathmandu-Post,Content not found,https://kathmandupost.com/travel/2023/10/28/a-blend-of-architecture-and-artistry,travel
Heading,Author,Publication Date,SourceContent,Category,URL
Heading not found,Manushree Mahat,"Published at : October 14, 2023",Kathmandu-Post,Content not found,https://kathmandupost.com/travel/2023/10/14/of-treks-and-trails,travel
Heading,Author,Publication Date,SourceContent,Category,URL
Heading not found,Rukusha Giri,"Published at : June 17, 2023",Kathmandu-Post,Content not found,https://kathmandupost.com/travel/2023/06/17/travelling-nepal-solo,travel
Heading,Author,Publication Date,SourceContent,Category,URL
Heading not found,Author not found,Date not found,Kathmandu-Post,Content not found,https://kathmandupost.com/science-technology,science-technology
Heading,Author,Publication Date,SourceContent,Category,URL
Heading not found,Post Report,"Published at : June 6, 2024",Kathmandu-Post,Content not found,https://kathmandupost.com/science-technology/2024/06/06/new-landslide-forecasting-system-helping-researchers-save-lives-in-nepal,science-technology
Heading,Author,Publication Date,SourceContent,Category,URL
Heading not found,Post Report,"Published at : June 6, 2024",Kathmandu-Post,Content not found,https://kathmandupost.com/science-technology/2024/06/06/new-landslide-forecasting-system-helping-researchers-save-lives-in-nepal,science-technology
Heading,Author,Publication Date,SourceContent,Category,URL
Heading not found,Reuters,"Published at : June 2, 2024",Kathmandu-Post,Content not found,https://kathmandupost.com/science-technology/2024/06/02/china-lands-on-moon-s-far-side-in-historic-sample-retrieval-mission,science-technology
Heading,Author,Publication Date,SourceContent,Category,URL
Heading not found,Post Report,"Published at : May 28, 2024",Kathmandu-Post,Content not found,https://kathmandupost.com/science-technology/2024/05/28/government-to-regulate-advertisements-on-social-media-platforms,science-technology
Heading,Author,Publication Date,SourceContent,Category,URL
Heading not found,Reuters,"Published at : May 28, 2024",Kathmandu-Post,Content not found,https://kathmandupost.com/science-technology/2024/05/28/india-s-space-startup-calls-off-maiden-rocket-launch-for-a-fourth-time,science-technology
Heading,Author,Publication Date,SourceContent,Category,URL
Heading not found,Reuters,"Published at : March 21, 2024",Kathmandu-Post,Content not found,https://kathmandupost.com/science-technology/2024/03/21/apple-accused-of-monopolizing-smartphone-markets-in-us-antitrust-lawsuit,science-technology
Heading,Author,Publication Date,SourceContent,Category,URL
Heading not found,Author not found,Date not found,Kathmandu-Post,Content not found,https://kathmandupost.com/sports,sports
Heading,Author,Publication Date,SourceContent,Category,URL
Heading not found,Dil Kumar Ale Magar,"Published at : June 12, 2024",Kathmandu-Post,Content not found,https://kathmandupost.com/football/2024/06/12/nepal-find-gear-on-last-day-but-signs-are-promising,football
Heading,Author,Publication Date,SourceContent,Category,URL
Heading not found,Dil Kumar Ale Magar,"Published at : June 12, 2024",Kathmandu-Post,Content not found,https://kathmandupost.com/football/2024/06/12/nepal-find-gear-on-last-day-but-signs-are-promising,football
Heading,Author,Publication Date,SourceContent,Category,URL
Heading not found,Sports Bureau,"Published at : June 12, 2024",Kathmandu-Post,Content not found,https://kathmandupost.com/cricket/2024/06/12/south-africa-reach-super-eight-after-rain-washes-out-nepal-vs-sri-lanka,cricket
Heading,Author,Publication Date,SourceContent,Category,URL
Heading not found,Post Report,"Published at : June 12, 2024",Kathmandu-Post,Content not found,https://kathmandupost.com/cricket/2024/06/12/nepal-sri-lanka-match-called-off-after-heavy-downpour,cricket
Heading,Author,Publication Date,SourceContent,Category,URL
Heading not found,Binod Pandey,"Published at : June 11, 2024",Kathmandu-Post,Content not found,https://kathmandupost.com/cricket/2024/06/11/nepal-look-to-recover-against-sri-lanka-at-t20-world-cup,cricket
Heading,Author,Publication Date,SourceContent,Category,URL
Heading not found,Sports Bureau,"Published at : June 10, 2024",Kathmandu-Post,Content not found,https://kathmandupost.com/cricket/2024/06/10/lamichhane-to-join-national-cricket-squad-in-west-indies,cricket
Heading,Author,Publication Date,SourceContent,Category,URL
Heading not found,Author not found,Date not found,Kathmandu-Post,Content not found,https://kathmandupost.com/world,world
Heading,Author,Publication Date,SourceContent,Category,URL
Heading not found,Reuters,"Published at : June 13, 2024",Kathmandu-Post,Content not found,https://kathmandupost.com/world/2024/06/13/from-northwest-to-east-china-parched-and-baking-regions-face-drought,world
Heading,Author,Publication Date,SourceContent,Category,URL
Heading not found,Reuters,"Published at : June 13, 2024",Kathmandu-Post,Content not found,https://kathmandupost.com/world/2024/06/13/from-northwest-to-east-china-parched-and-baking-regions-face-drought,world
Heading,Author,Publication Date,SourceContent,Category,URL
Heading not found,Reuters,"Published at : June 13, 2024",Kathmandu-Post,Content not found,https://kathmandupost.com/world/2024/06/13/troubled-g7-leaders-focus-on-ukraine-war-china-in-italian-summit,world
Heading,Author,Publication Date,SourceContent,Category,URL
Heading not found,Reuters,"Published at : June 12, 2024",Kathmandu-Post,Content not found,https://kathmandupost.com/world/2024/06/12/fire-in-kuwaiti-building-housing-workers-kills-41,world
Heading,Author,Publication Date,SourceContent,Category,URL
Heading not found,Reuters,"Published at : June 12, 2024",Kathmandu-Post,Content not found,https://kathmandupost.com/world/2024/06/12/eu-to-impose-tariffs-of-up-to-38-on-chinese-electric-vehicles,world
Heading,Author,Publication Date,SourceContent,Category,URL
Heading not found,Reuters,"Published at : June 12, 2024",Kathmandu-Post,Content not found,https://kathmandupost.com/world/2024/06/12/south-korea-opposition-leader-lee-indicted-over-funds-transfer-to-north-korea,world
Heading,Author,Publication Date,SourceContent,Category,URL
Heading not found,Author not found,Date not found,Kathmandu-Post,Content not found,https://kathmandupost.com/features,features
Heading,Author,Publication Date,SourceContent,Category,URL
Heading not found,Prawash Gautam,"Published at : February 10, 2024",Kathmandu-Post,Content not found,https://kathmandupost.com/art-culture/2024/02/10/minpachas-adventures-in-the-time-of-kathmandu-s-long-winters,art-culture
Heading,Author,Publication Date,SourceContent,Category,URL
Heading not found,Prawash Gautam,"Published at : February 10, 2024",Kathmandu-Post,Content not found,https://kathmandupost.com/art-culture/2024/02/10/minpachas-adventures-in-the-time-of-kathmandu-s-long-winters,art-culture
Heading,Author,Publication Date,SourceContent,Category,URL
Heading not found,Upendra Raj Pandey,"Published at : July 31, 2023",Kathmandu-Post,Content not found,https://kathmandupost.com/books/2023/07/31/unauthorised-translation-and-piracy-of-foreign-books-thrive-in-nepal,books
Heading,Author,Publication Date,SourceContent,Category,URL
Heading not found,Urza Acharya,"Published at : July 1, 2023",Kathmandu-Post,Content not found,https://kathmandupost.com/life--style/2023/07/01/family-hostility-social-obstacles-how-this-queer-couple-s-union-survives-hardships,life--style
Heading,Author,Publication Date,SourceContent,Category,URL
Heading not found,Janakraj Sapkota,"Published at : June 25, 2023",Kathmandu-Post,Content not found,https://kathmandupost.com/national/2023/06/25/desperate-youths-from-maoist-heartland-hit-us-wall,national
Heading,Author,Publication Date,SourceContent,Category,URL
Heading not found,"Deepak Pariyar, Ramesh Kumar Paudel, Ghanashyam Gautam& Binod Bhandari","Published at : June 10, 2023",Kathmandu-Post,Content not found,https://kathmandupost.com/national/2023/06/10/no-private-hospital-bed-for-poor-patients,national
Heading,Author,Publication Date,SourceContent,Category,URL
Heading not found,Author not found,Date not found,Kathmandu-Post,Content not found,https://kathmandupost.com/columns,columns
Heading,Author,Publication Date,SourceContent,Category,URL
Heading not found,Dr Pallavi Koirala,"Published at : June 12, 2024",Kathmandu-Post,Content not found,https://kathmandupost.com/columns/2024/06/12/improving-health-insurance-coverage,columns
Heading,Author,Publication Date,SourceContent,Category,URL
Heading not found,Dr Pallavi Koirala,"Published at : June 12, 2024",Kathmandu-Post,Content not found,https://kathmandupost.com/columns/2024/06/12/improving-health-insurance-coverage,columns
Heading,Author,Publication Date,SourceContent,Category,URL
Heading not found,Rafia Zakaria,"Published at : June 12, 2024",Kathmandu-Post,Content not found,https://kathmandupost.com/columns/2024/06/12/the-working-children,columns
Heading,Author,Publication Date,SourceContent,Category,URL
Heading not found,Khim Lal Devkota,"Published at : June 11, 2024",Kathmandu-Post,Content not found,https://kathmandupost.com/columns/2024/06/11/provincial-budgets-suffer-amid-federal-neglect,columns
Heading,Author,Publication Date,SourceContent,Category,URL
Heading not found,Govind Singh,"Published at : June 11, 2024",Kathmandu-Post,Content not found,https://kathmandupost.com/columns/2024/06/11/as-water-crisis-looms-delhi-must-do-more,columns
Heading,Author,Publication Date,SourceContent,Category,URL
Heading not found,Mitra Pariyar,"Published at : June 10, 2024",Kathmandu-Post,Content not found,https://kathmandupost.com/columns/2024/06/10/policy-recommendation-to-end-untouchability,columns
Heading,Author,Publication Date,SourceContent,Category,URL
Heading not found,Author not found,Date not found,Kathmandu-Post,Content not found,https://kathmandupost.com/editorial,editorial
Heading,Author,Publication Date,SourceContent,Category,URL
Heading not found,Author not found,"Published at : June 12, 2024",Kathmandu-Post,Content not found,https://kathmandupost.com/editorial/2024/06/12/better-early,editorial
Heading,Author,Publication Date,SourceContent,Category,URL
Heading not found,Author not found,"Published at : June 12, 2024",Kathmandu-Post,Content not found,https://kathmandupost.com/editorial/2024/06/12/better-early,editorial
Heading,Author,Publication Date,SourceContent,Category,URL
Heading not found,Author not found,"Published at : June 11, 2024",Kathmandu-Post,Content not found,https://kathmandupost.com/editorial/2024/06/11/enter-monsoon,editorial
Heading,Author,Publication Date,SourceContent,Category,URL
Heading not found,Author not found,"Published at : June 11, 2024",Kathmandu-Post,Content not found,https://kathmandupost.com/editorial/2024/06/11/chart-your-own-path,editorial
Heading,Author,Publication Date,SourceContent,Category,URL
Heading not found,Author not found,"Published at : June 9, 2024",Kathmandu-Post,Content not found,https://kathmandupost.com/editorial/2024/06/09/undiplomatic-conduct,editorial
Heading,Author,Publication Date,SourceContent,Category,URL
Heading not found,Author not found,"Published at : June 6, 2024",Kathmandu-Post,Content not found,https://kathmandupost.com/editorial/2024/06/06/provincial-games-of-throne,editorial
Heading,Author,Publication Date,SourceContent,Category,URL
Heading not found,Author not found,Date not found,Kathmandu-Post,Content not found,https://kathmandupost.com/interviews,interviews
Heading,Author,Publication Date,SourceContent,Category,URL
Heading not found,Thira Lal Bhusal,"Published at : June 10, 2024",Kathmandu-Post,Content not found,https://kathmandupost.com/interviews/2024/06/10/problem-lies-in-politicians-not-provinces,interviews
Heading,Author,Publication Date,SourceContent,Category,URL
Heading not found,Thira Lal Bhusal,"Published at : June 10, 2024",Kathmandu-Post,Content not found,https://kathmandupost.com/interviews/2024/06/10/problem-lies-in-politicians-not-provinces,interviews
Heading,Author,Publication Date,SourceContent,Category,URL
Heading not found,Thira Lal Bhusal,"Published at : June 2, 2024",Kathmandu-Post,Content not found,https://kathmandupost.com/interviews/2024/06/02/there-can-be-a-separate-report-if-ruling-parties-try-to-impose-their-majority,interviews
Heading,Author,Publication Date,SourceContent,Category,URL
Heading not found,Binod Ghimire,"Published at : May 26, 2024",Kathmandu-Post,Content not found,https://kathmandupost.com/interviews/2024/05/26/people-are-now-listening-to-democratically-elected-authoritarian-leaders,interviews
Heading,Author,Publication Date,SourceContent,Category,URL
Heading not found,Thira Lal Bhusal,"Published at : May 19, 2024",Kathmandu-Post,Content not found,https://kathmandupost.com/interviews/2024/05/19/if-oli-continues-to-manoeuvre-there-might-be-other-coalitions,interviews
Heading,Author,Publication Date,SourceContent,Category,URL
Heading not found,Anil Giri,"Published at : May 12, 2024",Kathmandu-Post,Content not found,https://kathmandupost.com/interviews/2024/05/12/no-stone-should-be-left-unturned-to-ensure-justice-for-conflict-victims,interviews
Heading,Author,Publication Date,SourceContent,Category,URL
Heading not found,Author not found,Date not found,Kathmandu-Post,Content not found,https://kathmandupost.com/weather,weather
Heading,Author,Publication Date,SourceContent,Category,URL
Heading not found,Post Report,"Published at : June 13, 2024",Kathmandu-Post,Content not found,https://kathmandupost.com/weather/2024/06/13/today-s-weather-june-13-2024,weather
Heading,Author,Publication Date,SourceContent,Category,URL
Heading not found,Post Report,"Published at : June 13, 2024",Kathmandu-Post,Content not found,https://kathmandupost.com/weather/2024/06/13/today-s-weather-june-13-2024,weather
Heading,Author,Publication Date,SourceContent,Category,URL
Heading not found,Arjun Poudel,"Published at : June 13, 2024",Kathmandu-Post,Content not found,https://kathmandupost.com/weather/2024/06/13/valley-sizzles-as-temperature-persists-over-30-degrees,weather
Heading,Author,Publication Date,SourceContent,Category,URL
Heading not found,Post Report,"Published at : June 12, 2024",Kathmandu-Post,Content not found,https://kathmandupost.com/weather/2024/06/12/today-s-weather-june-12-2024,weather
Heading,Author,Publication Date,SourceContent,Category,URL
Heading not found,Post Report,"Published at : June 11, 2024",Kathmandu-Post,Content not found,https://kathmandupost.com/weather/2024/06/11/today-s-weather-june-11-2024,weather
Heading,Author,Publication Date,SourceContent,Category,URL
Heading not found,Arjun Poudel,"Published at : June 10, 2024",Kathmandu-Post,Content not found,https://kathmandupost.com/weather/2024/06/10/experts-call-for-preparedness-to-deal-with-monsoon-related-disasters,weather
Heading,Author,Publication Date,SourceContent,Category,URL
Heading not found,Author not found,Date not found,Kathmandu-Post,Content not found,https://kathmandupost.com/pages/about-us,pages
Heading,Author,Publication Date,SourceContent,Category,URL
Heading not found,Author not found,Date not found,Kathmandu-Post,Content not found,https://kathmandupost.com/pages/masthead,pages
Heading,Author,Publication Date,SourceContent,Category,URL
Heading not found,Author not found,Date not found,Kathmandu-Post,Content not found,https://kathmandupost.com/pages/kathmandu-post-editorial-standards-and-integrity,pages
Heading,Author,Publication Date,SourceContent,Category,URL
Heading not found,Author not found,Date not found,Kathmandu-Post,Content not found,https://kathmandupost.com/pages/kathmandu-post-policy-against-harassment,pages
Heading,Author,Publication Date,SourceContent,Category,URL
Heading not found,Author not found,Date not found,Kathmandu-Post,Content not found,https://kathmandupost.com/pages/privacy-policy,pages
Heading,Author,Publication Date,SourceContent,Category,URL
Heading not found,Author not found,Date not found,Kathmandu-Post,Content not found,https://kathmandupost.com/pages/subscribe,pages
Heading,Author,Publication Date,SourceContent,Category,URL
Heading not found,Author not found,Date not found,Kathmandu-Post,Content not found,https://epaper.ekantipur.com/kathmandupost,kathmandupost
Heading,Author,Publication Date,SourceContent,Category,URL
Heading not found,Author not found,Date not found,Kathmandu-Post,Content not found,https://kathmandupost.com/pages/submit-stories,pages
Heading,Author,Publication Date,SourceContent,Category,URL
Heading not found,Author not found,Date not found,Kathmandu-Post,Content not found,https://kathmandupost.com/pages/letters-to-the-editor,pages
Heading,Author,Publication Date,SourceContent,Category,URL
Heading not found,Author not found,Date not found,Kathmandu-Post,Content not found,https://kathmandupost.com/pages/advertise-in-the-post,pages
Heading,Author,Publication Date,SourceContent,Category,URL
Heading not found,Author not found,Date not found,Kathmandu-Post,Content not found,https://kathmandupost.com/pages/careers,pages
Heading,Author,Publication Date,SourceContent,Category,URL
Heading not found,Author not found,Date not found,Kathmandu-Post,Content not found,https://kathmandupost.com/pages/how-to-send-anonymous-news-tips-and-documents-to-the-kathmandu-post,pages
Heading,Author,Publication Date,SourceContent,Category,URL
Heading not found,Author not found,Date not found,Kathmandu-Post,Content not found,https://www.instagram.com/kathmandupost.official/,kathmandupost.official
Heading,Author,Publication Date,SourceContent,Category,URL
Heading not found,Author not found,Date not found,Kathmandu-Post,Content not found,https://ekantipur.com/,Category not found
Heading,Author,Publication Date,SourceContent,Category,URL
Heading not found,Author not found,Date not found,Kathmandu-Post,Content not found,https://saptahik.com.np/,Category not found
Heading,Author,Publication Date,SourceContent,Category,URL
Heading not found,Author not found,Date not found,Kathmandu-Post,Content not found,https://nepalmag.com.np,Category not found
Heading,Author,Publication Date,SourceContent,Category,URL
Heading not found,Author not found,Date not found,Kathmandu-Post,Content not found,https://narimag.com.np/,Category not found
Heading,Author,Publication Date,SourceContent,Category,URL
Heading not found,Author not found,Date not found,Kathmandu-Post,Content not found,https://radiokantipur.com,Category not found
Heading,Author,Publication Date,SourceContent,Category,URL
Heading not found,Author not found,Date not found,Kathmandu-Post,Content not found,https://kantipurtv.com,Category not found
Heading,Author,Publication Date,SourceContent,Category,URL
Heading not found,Author not found,Date not found,Kathmandu-Post,Content not found,https://kathmandupost.com/pages/privacy-policy,pages
Heading,Author,Publication Date,SourceContent,Category,URL
Heading not found,Author not found,Date not found,Kathmandu-Post,Content not found,https://kathmandupost.com,Category not found
